TF,activity,pvalue,FDR,direction
SREBF1,5.746899842906869,5.9334406614652835e-06,0.003791468582676316,activated_in_AD
SREBF2,5.203690983563155,6.333362398436293e-05,0.020235092863003956,activated_in_AD
NFKB,3.88769993680956,0.011039656586945057,0.9961943348185927,activated_in_AD
IRF1,3.8668691527524857,0.011039656586945057,0.9961943348185927,activated_in_AD
ATF1,3.845344353998938,0.011039656586945057,0.9961943348185927,activated_in_AD
CREB1,3.6863294428060667,0.018243568018078804,0.9961943348185927,activated_in_AD
PPARD,3.458416368474155,0.034827686846256256,0.9961943348185927,activated_in_AD
BMAL1,3.415122268564768,0.034911949187517166,0.9961943348185927,activated_in_AD
NR1H4,3.287847672094091,0.040407825261354446,0.9961943348185927,activated_in_AD
NR5A2,3.2515235861789322,0.040407825261354446,0.9961943348185927,activated_in_AD
ZGPAT,3.2486540646265527,0.040407825261354446,0.9961943348185927,activated_in_AD
NFKB1,3.2434146839245606,0.040407825261354446,0.9961943348185927,activated_in_AD
REL,3.2071639262003746,0.040407825261354446,0.9961943348185927,activated_in_AD
IRF7,3.196479337213371,0.040407825261354446,0.9961943348185927,activated_in_AD
ELF1,3.195444673630664,0.040407825261354446,0.9961943348185927,activated_in_AD
ARID5B,3.1842814492531177,0.040407825261354446,0.9961943348185927,activated_in_AD
MTF1,3.127413165517801,0.04705332592129707,0.9961943348185927,activated_in_AD
RUNX1,3.0291154188700196,0.06039382889866829,0.9961943348185927,activated_in_AD
JUND,3.0093904632635806,0.061946406960487366,0.9961943348185927,activated_in_AD
KLF10,2.998910769615098,0.061946406960487366,0.9961943348185927,activated_in_AD
PBX1,2.9726052776337735,0.06229765713214874,0.9961943348185927,activated_in_AD
VDR,2.9666954412371167,0.06229765713214874,0.9961943348185927,activated_in_AD
MITF,2.9551624104462886,0.06229765713214874,0.9961943348185927,activated_in_AD
CEBPG,2.954514705816242,0.06229765713214874,0.9961943348185927,activated_in_AD
SPI1,2.9467075192517864,0.06229765713214874,0.9961943348185927,activated_in_AD
KLF15,2.9328981217870442,0.06321918219327927,0.9961943348185927,activated_in_AD
POU2F2,2.902874143964665,0.06665186583995819,0.9961943348185927,activated_in_AD
PAX5,2.8844456480010163,0.06762231886386871,0.9961943348185927,activated_in_AD
MED1,2.876974755510242,0.06762231886386871,0.9961943348185927,activated_in_AD
E2F4,2.7825633137636885,0.08848695456981659,0.9961943348185927,activated_in_AD
ATF4,2.751705389808477,0.09483526647090912,0.9961943348185927,activated_in_AD
MBD1,2.7360681271114133,0.09497726708650589,0.9961943348185927,activated_in_AD
HOXB9,2.7351856245788233,0.09497726708650589,0.9961943348185927,activated_in_AD
HOXC6,2.717921690725765,0.0977478176355362,0.9961943348185927,activated_in_AD
RELA,2.709186490663461,0.09807687252759933,0.9961943348185927,activated_in_AD
KAT5,2.675977279481636,0.10593411326408386,0.9961943348185927,activated_in_AD
DLX3,2.6509505558318374,0.10925421118736267,0.9961943348185927,activated_in_AD
CEBPA,2.6255328460887797,0.11530071496963501,0.9961943348185927,activated_in_AD
TFAP4,2.5273369704328097,0.14414358139038086,0.9961943348185927,activated_in_AD
ZNF354C,2.5195552473870384,0.14453378319740295,0.9961943348185927,activated_in_AD
FOXM1,2.512265809185813,0.14476867020130157,0.9961943348185927,activated_in_AD
ELK1,2.5048870667468135,0.1450851857662201,0.9961943348185927,activated_in_AD
ZNF202,2.4686155789700894,0.15662714838981628,0.9961943348185927,activated_in_AD
TLX1,2.464669107049746,0.15662714838981628,0.9961943348185927,activated_in_AD
NFKBIB,2.444406013214934,0.15848182141780853,0.9961943348185927,activated_in_AD
NFYA,2.4426268145063483,0.15848182141780853,0.9961943348185927,activated_in_AD
HSF1,2.441653337340598,0.15848182141780853,0.9961943348185927,activated_in_AD
IRF5,2.398104943427509,0.1699906289577484,0.9961943348185927,activated_in_AD
CUX1,2.3788241378270363,0.17416822910308838,0.9961943348185927,activated_in_AD
CLOCK,2.3775039489404564,0.17416822910308838,0.9961943348185927,activated_in_AD
JUN,2.348468094623914,0.17510610818862915,0.9961943348185927,activated_in_AD
NRF1,2.342243047251281,0.17510610818862915,0.9961943348185927,activated_in_AD
ZEB1,2.33906088574845,0.17510610818862915,0.9961943348185927,activated_in_AD
CREBBP,2.3290866334980382,0.17510610818862915,0.9961943348185927,activated_in_AD
TP63,2.3252837820884396,0.17510610818862915,0.9961943348185927,activated_in_AD
KAT6B,2.324776778924388,0.17510610818862915,0.9961943348185927,activated_in_AD
E2F3,2.319453654700332,0.17510610818862915,0.9961943348185927,activated_in_AD
HR,2.316380795055145,0.17510610818862915,0.9961943348185927,activated_in_AD
SMAD7,2.3075246235718434,0.17652514576911926,0.9961943348185927,activated_in_AD
FOSL2,2.3034004982213836,0.17652514576911926,0.9961943348185927,activated_in_AD
LHX2,2.2775338472907087,0.18653808534145355,0.9961943348185927,activated_in_AD
HOXA13,2.265353716791061,0.18776002526283264,0.9961943348185927,activated_in_AD
E2F1,2.2085049110598227,0.20960593223571777,0.9961943348185927,activated_in_AD
PPARA,2.1951328557404803,0.21430087089538574,0.9961943348185927,activated_in_AD
KAT6A,2.1844508154064513,0.21507738530635834,0.9961943348185927,activated_in_AD
SOX17,2.1251824257951415,0.23420114815235138,0.9961943348185927,activated_in_AD
FOXQ1,2.1192725766142604,0.23420114815235138,0.9961943348185927,activated_in_AD
STAT5A,2.1019378658885177,0.24184904992580414,0.9961943348185927,activated_in_AD
CEBPE,2.089759693856022,0.24657349288463593,0.9961943348185927,activated_in_AD
FOXC2,2.07640338246809,0.2521088123321533,0.9961943348185927,activated_in_AD
WT1,2.031163390986549,0.27275583148002625,0.9961943348185927,activated_in_AD
EHF,2.002040564187362,0.28517067432403564,0.9961943348185927,activated_in_AD
NANOG,2.000000279539822,0.28517067432403564,0.9961943348185927,activated_in_AD
SP1,1.9942103464105645,0.2858469784259796,0.9961943348185927,activated_in_AD
STAT3,1.9908013613084794,0.2858469784259796,0.9961943348185927,activated_in_AD
MYC,1.967603128039142,0.2990162670612335,0.9961943348185927,activated_in_AD
GTF2I,1.9187947457914758,0.3143872320652008,0.9961943348185927,activated_in_AD
NONO,1.9126957489071759,0.31558749079704285,0.9961943348185927,activated_in_AD
SMAD5,1.8988868797340053,0.31784114241600037,0.9961943348185927,activated_in_AD
CEBPB,1.8804066403504665,0.32249075174331665,0.9961943348185927,activated_in_AD
PRDM2,1.873171076659285,0.32249075174331665,0.9961943348185927,activated_in_AD
NFIA,1.8668709501646787,0.3244299292564392,0.9961943348185927,activated_in_AD
E2F2,1.8586823963810928,0.32778042554855347,0.9961943348185927,activated_in_AD
NR5A1,1.8431905082031665,0.334674596786499,0.9961943348185927,activated_in_AD
NR1H3,1.8421955997631763,0.334674596786499,0.9961943348185927,activated_in_AD
PARK7,1.8202069540661607,0.3413804769515991,0.9961943348185927,activated_in_AD
ONECUT1,1.775837507772163,0.37066730856895447,0.9961943348185927,activated_in_AD
TBX15,1.7732430294745198,0.37066730856895447,0.9961943348185927,activated_in_AD
IRF6,1.7699818923320432,0.37066730856895447,0.9961943348185927,activated_in_AD
NEUROD1,1.7676030021781133,0.37066730856895447,0.9961943348185927,activated_in_AD
PAX8,1.7571314052201181,0.3752216398715973,0.9961943348185927,activated_in_AD
HBP1,1.7387815125292703,0.3801400065422058,0.9961943348185927,activated_in_AD
APEX1,1.732960659622729,0.3821379244327545,0.9961943348185927,activated_in_AD
ETV4,1.710510293260244,0.3847139775753021,0.9961943348185927,activated_in_AD
MECOM,1.7067028520948613,0.3847139775753021,0.9961943348185927,activated_in_AD
GATA4,1.7031199305701727,0.3847139775753021,0.9961943348185927,activated_in_AD
AP1,1.701363357986193,0.3847139775753021,0.9961943348185927,activated_in_AD
NFE2L1,1.698791764818954,0.3847139775753021,0.9961943348185927,activated_in_AD
ZNF395,1.6971400454255257,0.3847139775753021,0.9961943348185927,activated_in_AD
TFE3,1.6948773531905252,0.3847139775753021,0.9961943348185927,activated_in_AD
TGIF1,1.6841362630333288,0.3877166509628296,0.9961943348185927,activated_in_AD
DDIT3,1.674011270986209,0.39322102069854736,0.9961943348185927,activated_in_AD
ETV1,1.6479060756804125,0.40851208567619324,0.9961943348185927,activated_in_AD
HIVEP2,1.643175155767603,0.40851208567619324,0.9961943348185927,activated_in_AD
GATA2,1.6245710706682088,0.41479459404945374,0.9961943348185927,activated_in_AD
NKRF,1.6143528807464056,0.41479459404945374,0.9961943348185927,activated_in_AD
ARID4A,1.6117378636756858,0.41479459404945374,0.9961943348185927,activated_in_AD
IRF2,1.6100859912282695,0.41479459404945374,0.9961943348185927,activated_in_AD
ZNF143,1.609395367357868,0.41479459404945374,0.9961943348185927,activated_in_AD
HDAC5,1.6070282154887776,0.41479459404945374,0.9961943348185927,activated_in_AD
NR2E3,1.5964758663276568,0.41479459404945374,0.9961943348185927,activated_in_AD
NR3C1,1.5956049870628997,0.41479459404945374,0.9961943348185927,activated_in_AD
HDGF,1.5939469995431783,0.41479459404945374,0.9961943348185927,activated_in_AD
BMAL2,1.5885584010093623,0.41479459404945374,0.9961943348185927,activated_in_AD
KLF8,1.5880446155150587,0.41479459404945374,0.9961943348185927,activated_in_AD
TCF4,1.5713806507030326,0.4264320731163025,0.9961943348185927,activated_in_AD
GLI2,1.5636229574799398,0.42890045046806335,0.9961943348185927,activated_in_AD
ATF6,1.5615478110297456,0.42890045046806335,0.9961943348185927,activated_in_AD
TCF12,1.5496806291374055,0.42890045046806335,0.9961943348185927,activated_in_AD
TGFB1I1,1.548454542167295,0.42890045046806335,0.9961943348185927,activated_in_AD
ESRRB,1.5430969840708741,0.42890045046806335,0.9961943348185927,activated_in_AD
NEUROD6,1.5356234481659155,0.4329022169113159,0.9961943348185927,activated_in_AD
TBX2,1.5240171433870249,0.44048798084259033,0.9961943348185927,activated_in_AD
FOXA2,1.515301264935341,0.44564926624298096,0.9961943348185927,activated_in_AD
EGR2,1.5031689310208411,0.44970619678497314,0.9961943348185927,activated_in_AD
SNAI2,1.5024213095075976,0.44970619678497314,0.9961943348185927,activated_in_AD
NR2C2,1.4913606191653903,0.457020103931427,0.9961943348185927,activated_in_AD
KLF5,1.4858630829247268,0.45917558670043945,0.9961943348185927,activated_in_AD
E2F5,1.478916017623125,0.45917558670043945,0.9961943348185927,activated_in_AD
USF1,1.4725515955044672,0.45917558670043945,0.9961943348185927,activated_in_AD
MNT,1.4700880553365065,0.45917558670043945,0.9961943348185927,activated_in_AD
MTA1,1.4615897716009862,0.4643299877643585,0.9961943348185927,activated_in_AD
GCM1,1.4574248230110873,0.46540823578834534,0.9961943348185927,activated_in_AD
PPARG,1.4442639385751002,0.4704430103302002,0.9961943348185927,activated_in_AD
ATF2,1.4387730254192717,0.4704430103302002,0.9961943348185927,activated_in_AD
HOXA7,1.436354619632686,0.4704430103302002,0.9961943348185927,activated_in_AD
NPAS2,1.4177221827074757,0.484817773103714,0.9961943348185927,activated_in_AD
NFE2L2,1.4108636414801732,0.4871959984302521,0.9961943348185927,activated_in_AD
ATF5,1.407697396397426,0.4871959984302521,0.9961943348185927,activated_in_AD
OTX2,1.4061090417771969,0.4871959984302521,0.9961943348185927,activated_in_AD
HIF1A,1.4022852541836044,0.4871959984302521,0.9961943348185927,activated_in_AD
YBX1,1.4022157229899912,0.4871959984302521,0.9961943348185927,activated_in_AD
FOXI1,1.3950413545034066,0.491385817527771,0.9961943348185927,activated_in_AD
NR3C2,1.3891070820099154,0.49446919560432434,0.9961943348185927,activated_in_AD
BACH2,1.380393912811968,0.4984622895717621,0.9961943348185927,activated_in_AD
DMTF1,1.379659799973254,0.4984622895717621,0.9961943348185927,activated_in_AD
SSRP1,1.3745928493115562,0.5007880926132202,0.9961943348185927,activated_in_AD
MAX,1.368797751812006,0.50379478931427,0.9961943348185927,activated_in_AD
POU4F2,1.3487325401695114,0.5131698250770569,0.9961943348185927,activated_in_AD
ASCL1,1.3471355166974086,0.5131698250770569,0.9961943348185927,activated_in_AD
CREB3,1.327250747012752,0.5238327980041504,0.9961943348185927,activated_in_AD
PREB,1.3081211843267058,0.539628267288208,0.9961943348185927,activated_in_AD
SF1,1.2944037375447028,0.5440641641616821,0.9961943348185927,activated_in_AD
KLF6,1.293249965733778,0.5440641641616821,0.9961943348185927,activated_in_AD
HEY1,1.2898421843621934,0.5440641641616821,0.9961943348185927,activated_in_AD
MAFK,1.2864570075535957,0.5440641641616821,0.9961943348185927,activated_in_AD
ZGLP1,1.2800960996409145,0.5452799201011658,0.9961943348185927,activated_in_AD
LRRFIP1,1.2723594278559627,0.5483521819114685,0.9961943348185927,activated_in_AD
AIRE,1.2634352364253558,0.5515173077583313,0.9961943348185927,activated_in_AD
PROP1,1.2554906497568725,0.5515173077583313,0.9961943348185927,activated_in_AD
NFIX,1.2539976336601628,0.5515173077583313,0.9961943348185927,activated_in_AD
HINFP,1.2510803347900321,0.5515173077583313,0.9961943348185927,activated_in_AD
IKZF1,1.2476125686100992,0.5515173077583313,0.9961943348185927,activated_in_AD
ZNF76,1.2463501383300113,0.5515173077583313,0.9961943348185927,activated_in_AD
MYBL2,1.2424213764884147,0.5515173077583313,0.9961943348185927,activated_in_AD
ERF,1.2317547623172258,0.5573667883872986,0.9961943348185927,activated_in_AD
DOT1L,1.2262563983226265,0.5603942275047302,0.9961943348185927,activated_in_AD
ARX,1.2183769183693396,0.563575029373169,0.9961943348185927,activated_in_AD
NSD2,1.2182851166047477,0.563575029373169,0.9961943348185927,activated_in_AD
KMT2B,1.212619766767052,0.5667890310287476,0.9961943348185927,activated_in_AD
MAZ,1.2074095640276954,0.5678814053535461,0.9961943348185927,activated_in_AD
ELK4,1.2068577429938512,0.5678814053535461,0.9961943348185927,activated_in_AD
HOPX,1.1801529673121085,0.5878871083259583,0.9961943348185927,activated_in_AD
NCOA3,1.1793417400642106,0.5878871083259583,0.9961943348185927,activated_in_AD
BARX2,1.1694153868459634,0.5885259509086609,0.9961943348185927,activated_in_AD
BRCA1,1.1690463651862992,0.5885259509086609,0.9961943348185927,activated_in_AD
KLF4,1.167208223815309,0.5885259509086609,0.9961943348185927,activated_in_AD
E2F6,1.1592476556601312,0.5912059545516968,0.9961943348185927,activated_in_AD
ESRRA,1.1576441846664478,0.5912059545516968,0.9961943348185927,activated_in_AD
CEBPD,1.1510395785764573,0.5954533815383911,0.9961943348185927,activated_in_AD
ETV2,1.1403063200715466,0.6018876433372498,0.9961943348185927,activated_in_AD
FOXO4,1.1399706623799908,0.6018876433372498,0.9961943348185927,activated_in_AD
OVOL1,1.12599511972546,0.60774165391922,0.9961943348185927,activated_in_AD
ELF3,1.1240007875368951,0.60774165391922,0.9961943348185927,activated_in_AD
RBPJ,1.1158351447971155,0.6108098030090332,0.9961943348185927,activated_in_AD
ESRRG,1.1152109871385596,0.6108098030090332,0.9961943348185927,activated_in_AD
HNF4A,1.105712502989697,0.6136012077331543,0.9961943348185927,activated_in_AD
KLF12,1.0994768415484177,0.6144812703132629,0.9961943348185927,activated_in_AD
POU1F1,1.0984704611828378,0.6144812703132629,0.9961943348185927,activated_in_AD
FOXD3,1.090364223515541,0.6144812703132629,0.9961943348185927,activated_in_AD
MTF2,1.0894210612019406,0.6144812703132629,0.9961943348185927,activated_in_AD
STAT1,1.0850660600193007,0.6166166663169861,0.9961943348185927,activated_in_AD
IRF4,1.0819829420744618,0.6175070405006409,0.9961943348185927,activated_in_AD
TP53,1.0745191000952445,0.620574951171875,0.9961943348185927,activated_in_AD
NFATC3,1.0661992056143876,0.6265382170677185,0.9961943348185927,activated_in_AD
STOX1,1.0572081637622384,0.631252646446228,0.9961943348185927,activated_in_AD
ARID3A,1.0519903254593368,0.6314018964767456,0.9961943348185927,activated_in_AD
PEG3,1.050121782232915,0.6314018964767456,0.9961943348185927,activated_in_AD
TBX20,1.048435802300151,0.6314018964767456,0.9961943348185927,activated_in_AD
MSX2,1.0432892905153701,0.6340036988258362,0.9961943348185927,activated_in_AD
ZNF300,1.0415169283702708,0.6340036988258362,0.9961943348185927,activated_in_AD
IRF3,1.0328777034712504,0.6394413113594055,0.9961943348185927,activated_in_AD
FGF2,1.025994106129889,0.6430337429046631,0.9961943348185927,activated_in_AD
RXRA,1.0193074546149514,0.6475660800933838,0.9961943348185927,activated_in_AD
TCF7L2,1.017069552413154,0.647670567035675,0.9961943348185927,activated_in_AD
ZEB2,1.0047012119311625,0.6536445617675781,0.9961943348185927,activated_in_AD
BTG2,0.9993274853212144,0.6546177864074707,0.9961943348185927,activated_in_AD
IKZF4,0.9988786916466383,0.6546177864074707,0.9961943348185927,activated_in_AD
HOXD1,0.99447717127358,0.6546177864074707,0.9961943348185927,activated_in_AD
YBX3,0.9931594724873183,0.6546177864074707,0.9961943348185927,activated_in_AD
KCNIP3,0.9856592807046903,0.657902181148529,0.9961943348185927,activated_in_AD
ID1,0.9658245378724676,0.6685627102851868,0.9961943348185927,activated_in_AD
HMGB2,0.9634615745470254,0.6685627102851868,0.9961943348185927,activated_in_AD
SP3,0.9575385289087484,0.6685627102851868,0.9961943348185927,activated_in_AD
ZNF91,0.9565271333953873,0.6685627102851868,0.9961943348185927,activated_in_AD
RELB,0.9545833435571632,0.6685627102851868,0.9961943348185927,activated_in_AD
HESX1,0.9500017384573877,0.6685627102851868,0.9961943348185927,activated_in_AD
HOXA10,0.9240134607985777,0.6780949831008911,0.9961943348185927,activated_in_AD
GTF3A,0.9200726786200438,0.6782881021499634,0.9961943348185927,activated_in_AD
POU2F1,0.9197496395404404,0.6782881021499634,0.9961943348185927,activated_in_AD
ELF4,0.9136503107247972,0.6795854568481445,0.9961943348185927,activated_in_AD
HNF1B,0.9123613791430573,0.6795854568481445,0.9961943348185927,activated_in_AD
LEF1,0.9022758782770297,0.6868427395820618,0.9961943348185927,activated_in_AD
CTCFL,0.8933260441489705,0.6904515624046326,0.9961943348185927,activated_in_AD
CTNNB1,0.8862040077956841,0.6909597516059875,0.9961943348185927,activated_in_AD
REST,0.8858195591773689,0.6909597516059875,0.9961943348185927,activated_in_AD
CREBZF,0.884660113022336,0.6909597516059875,0.9961943348185927,activated_in_AD
FOS,0.882765584888644,0.6909597516059875,0.9961943348185927,activated_in_AD
CTBP1,0.8754583935135721,0.6939342021942139,0.9961943348185927,activated_in_AD
MECP2,0.8737670397703307,0.6939342021942139,0.9961943348185927,activated_in_AD
TFAP2B,0.8468284893060231,0.7127824425697327,0.9961943348185927,activated_in_AD
NKX2-1,0.8349618350389554,0.718299150466919,0.9961943348185927,activated_in_AD
HDAC7,0.8339932850130508,0.718299150466919,0.9961943348185927,activated_in_AD
TFDP2,0.833326059195869,0.718299150466919,0.9961943348185927,activated_in_AD
NEUROD2,0.8258748698231677,0.7237686514854431,0.9961943348185927,activated_in_AD
SMAD1,0.8223491925751202,0.7253050208091736,0.9961943348185927,activated_in_AD
NR1I2,0.8183133454926856,0.7273557782173157,0.9961943348185927,activated_in_AD
EMX2,0.8130880726322683,0.7291671633720398,0.9961943348185927,activated_in_AD
ARID4B,0.8064335550323791,0.7292038202285767,0.9961943348185927,activated_in_AD
NFE2,0.8016626146044695,0.7292038202285767,0.9961943348185927,activated_in_AD
SRSF2,0.8015495812349444,0.7292038202285767,0.9961943348185927,activated_in_AD
NFKB2,0.8006094018967983,0.7292038202285767,0.9961943348185927,activated_in_AD
TFDP1,0.79795324713614,0.7298885583877563,0.9961943348185927,activated_in_AD
ESR1,0.7916825781739687,0.7311466932296753,0.9961943348185927,activated_in_AD
WWTR1,0.790796354319333,0.7311466932296753,0.9961943348185927,activated_in_AD
DLX4,0.7882951321373319,0.7316854596138,0.9961943348185927,activated_in_AD
USF2,0.7841101991392458,0.7321047782897949,0.9961943348185927,activated_in_AD
MLXIPL,0.7839621150128581,0.7321047782897949,0.9961943348185927,activated_in_AD
ZBTB17,0.774065478583568,0.7393636703491211,0.9961943348185927,activated_in_AD
MYCN,0.7727494468663425,0.7393636703491211,0.9961943348185927,activated_in_AD
SATB2,0.7695277707707376,0.7406253218650818,0.9961943348185927,activated_in_AD
RARA,0.7667463644154477,0.7410584092140198,0.9961943348185927,activated_in_AD
ISL1,0.7344848770617461,0.7620048522949219,0.9961943348185927,activated_in_AD
EGR1,0.7329712974249037,0.7620048522949219,0.9961943348185927,activated_in_AD
ENO1,0.7230554234596067,0.7673062682151794,0.9961943348185927,activated_in_AD
KDM5C,0.7214393135162099,0.7673062682151794,0.9961943348185927,activated_in_AD
DMAP1,0.7158344559324702,0.768010139465332,0.9961943348185927,activated_in_AD
NR4A2,0.7153586229183779,0.768010139465332,0.9961943348185927,activated_in_AD
LYL1,0.7147950232146053,0.768010139465332,0.9961943348185927,activated_in_AD
NR2F6,0.6909011320945592,0.7860086560249329,0.9961943348185927,activated_in_AD
TBPL1,0.6871116024844542,0.7860086560249329,0.9961943348185927,activated_in_AD
NR0B2,0.6782588469537061,0.7924834489822388,0.9961943348185927,activated_in_AD
TTF1,0.6680641933571015,0.7958271503448486,0.9961943348185927,activated_in_AD
CEBPZ,0.6669302170199406,0.7958271503448486,0.9961943348185927,activated_in_AD
TFAP2A,0.6585049031228533,0.8010657429695129,0.9961943348185927,activated_in_AD
ZNF335,0.6530268868968063,0.8033527731895447,0.9961943348185927,activated_in_AD
NKX6-1,0.6503870897977182,0.8033527731895447,0.9961943348185927,activated_in_AD
NCOA1,0.6406939208059776,0.8077001571655273,0.9961943348185927,activated_in_AD
SIRT1,0.638900402012624,0.8077001571655273,0.9961943348185927,activated_in_AD
ZBTB16,0.6382854485993077,0.8077001571655273,0.9961943348185927,activated_in_AD
HOXC8,0.6187745106407391,0.8202519416809082,0.9961943348185927,activated_in_AD
THRB,0.6179002380960977,0.8202519416809082,0.9961943348185927,activated_in_AD
EWSR1,0.6160845879749539,0.8202519416809082,0.9961943348185927,activated_in_AD
AHR,0.6056716991774694,0.8268188834190369,0.9961943348185927,activated_in_AD
PHOX2A,0.5934286595946103,0.8352383375167847,0.9961943348185927,activated_in_AD
ETS2,0.5875425965102257,0.8372390866279602,0.9961943348185927,activated_in_AD
EZH2,0.574673092128912,0.8466018438339233,0.9961943348185927,activated_in_AD
ZNF236,0.5743713214962339,0.8466018438339233,0.9961943348185927,activated_in_AD
NR2F2,0.5678370848127305,0.8474037051200867,0.9961943348185927,activated_in_AD
TFDP3,0.5677113943694615,0.8474037051200867,0.9961943348185927,activated_in_AD
JUNB,0.5635822370164584,0.8495998978614807,0.9961943348185927,activated_in_AD
RUNX3,0.5586461827098286,0.8526101112365723,0.9961943348185927,activated_in_AD
ZNF436,0.5498561870943968,0.8560982942581177,0.9961943348185927,activated_in_AD
NFIB,0.5491389355507263,0.8560982942581177,0.9961943348185927,activated_in_AD
ZXDC,0.5430731002886005,0.8560982942581177,0.9961943348185927,activated_in_AD
HOXD3,0.5395900691067441,0.8560982942581177,0.9961943348185927,activated_in_AD
TEAD4,0.5326991188369112,0.8591089248657227,0.9961943348185927,activated_in_AD
PHF20,0.5269975597949829,0.8628720045089722,0.9961943348185927,activated_in_AD
HNF1A,0.521994349371283,0.8645843267440796,0.9961943348185927,activated_in_AD
PLAGL2,0.5111736575142608,0.8670444488525391,0.9961943348185927,activated_in_AD
NR1H2,0.5059740222541121,0.8677031397819519,0.9961943348185927,activated_in_AD
GFI1B,0.49773269667453834,0.8677031397819519,0.9961943348185927,activated_in_AD
HIVEP1,0.4790125102726214,0.880066454410553,0.9961943348185927,activated_in_AD
ARNT,0.4719968123696314,0.8838495016098022,0.9961943348185927,activated_in_AD
TP73,0.47100581172190414,0.8838495016098022,0.9961943348185927,activated_in_AD
ETV6,0.4663336836792893,0.8852428793907166,0.9961943348185927,activated_in_AD
PAX7,0.46242770167867825,0.8852428793907166,0.9961943348185927,activated_in_AD
MEOX2,0.46180703104754506,0.8852428793907166,0.9961943348185927,activated_in_AD
STAT2,0.4599301845572712,0.8852428793907166,0.9961943348185927,activated_in_AD
MYOD1,0.45992674343627854,0.8852428793907166,0.9961943348185927,activated_in_AD
POU5F1,0.43867829047871315,0.8971976637840271,0.9961943348185927,activated_in_AD
TCF7,0.438108395440671,0.8971976637840271,0.9961943348185927,activated_in_AD
TBX1,0.42994483930532074,0.9008573889732361,0.9961943348185927,activated_in_AD
ASCL2,0.41794833759273775,0.9043238759040833,0.9961943348185927,activated_in_AD
NFIC,0.4141164664166426,0.9043238759040833,0.9961943348185927,activated_in_AD
TFAP2C,0.4124293701337154,0.9043238759040833,0.9961943348185927,activated_in_AD
SALL3,0.4118665523950289,0.9043238759040833,0.9961943348185927,activated_in_AD
KDM2A,0.411490332376789,0.9043238759040833,0.9961943348185927,activated_in_AD
MEIS2,0.39919891543064806,0.9089063405990601,0.9961943348185927,activated_in_AD
CREB5,0.39438157213574343,0.9089063405990601,0.9961943348185927,activated_in_AD
HCFC1,0.3813254278950129,0.9132930040359497,0.9961943348185927,activated_in_AD
GATA1,0.37661292956385817,0.9141461849212646,0.9961943348185927,activated_in_AD
PKNOX1,0.37242189755002525,0.9156373143196106,0.9961943348185927,activated_in_AD
ETV7,0.37028214872462306,0.9156373143196106,0.9961943348185927,activated_in_AD
TRIM28,0.3684275996295028,0.9156373143196106,0.9961943348185927,activated_in_AD
HOXA1,0.3670395072268259,0.9156373143196106,0.9961943348185927,activated_in_AD
FOSL1,0.36069870512460483,0.9160852432250977,0.9961943348185927,activated_in_AD
BATF,0.3584303848456383,0.9160852432250977,0.9961943348185927,activated_in_AD
ETV5,0.358048187644613,0.9160852432250977,0.9961943348185927,activated_in_AD
IRF9,0.3537826362727162,0.9160852432250977,0.9961943348185927,activated_in_AD
UBTF,0.352457024072358,0.9160852432250977,0.9961943348185927,activated_in_AD
ARID3B,0.34640696020588974,0.9160852432250977,0.9961943348185927,activated_in_AD
CXXC1,0.345220853099209,0.9160852432250977,0.9961943348185927,activated_in_AD
FOXH1,0.3422824028495463,0.9160852432250977,0.9961943348185927,activated_in_AD
LHX3,0.33827209857239443,0.9160852432250977,0.9961943348185927,activated_in_AD
HOXB7,0.3352743852785143,0.9160852432250977,0.9961943348185927,activated_in_AD
TFAM,0.3316946200170016,0.9160852432250977,0.9961943348185927,activated_in_AD
SPDEF,0.3315588631268959,0.9160852432250977,0.9961943348185927,activated_in_AD
NRG1,0.32888207967726013,0.9160852432250977,0.9961943348185927,activated_in_AD
NR2E1,0.3265009128068883,0.9160852432250977,0.9961943348185927,activated_in_AD
POU3F2,0.3190909695603806,0.9207541346549988,0.9961943348185927,activated_in_AD
PURA,0.30916602310988484,0.9207541346549988,0.9961943348185927,activated_in_AD
CDX1,0.3082076369247854,0.9207541346549988,0.9961943348185927,activated_in_AD
FLI1,0.3028446738336017,0.9222087860107422,0.9961943348185927,activated_in_AD
POU2F3,0.29975011400423424,0.9233155846595764,0.9961943348185927,activated_in_AD
SATB1,0.28592895269878255,0.9307982921600342,0.9961943348185927,activated_in_AD
BCLAF1,0.2839859474967499,0.93083655834198,0.9961943348185927,activated_in_AD
AR,0.2820260162738023,0.930891215801239,0.9961943348185927,activated_in_AD
MEF2D,0.2696692943185497,0.935242772102356,0.9961943348185927,activated_in_AD
YY1,0.26560469353116006,0.9372170567512512,0.9961943348185927,activated_in_AD
TEAD2,0.26109218826184394,0.9395967125892639,0.9961943348185927,activated_in_AD
ABL1,0.25056703942094105,0.9439697265625,0.9961943348185927,activated_in_AD
NUPR1,0.2317705890522071,0.9458141922950745,0.9961943348185927,activated_in_AD
HOXA9,0.2293780227141316,0.9458141922950745,0.9961943348185927,activated_in_AD
GATA5,0.22897067792040782,0.9458141922950745,0.9961943348185927,activated_in_AD
CTCF,0.22785908645076716,0.9458141922950745,0.9961943348185927,activated_in_AD
MXI1,0.22605496816792792,0.9458141922950745,0.9961943348185927,activated_in_AD
GABPA,0.22587593289868674,0.9458141922950745,0.9961943348185927,activated_in_AD
ARID1A,0.22472893215201828,0.9458141922950745,0.9961943348185927,activated_in_AD
LMO2,0.22110839426905535,0.9458141922950745,0.9961943348185927,activated_in_AD
PDX1,0.22110797946778415,0.9458141922950745,0.9961943348185927,activated_in_AD
ETS1,0.2180385049538239,0.9458141922950745,0.9961943348185927,activated_in_AD
CIITA,0.2104605828055277,0.9477042555809021,0.9961943348185927,activated_in_AD
BARX1,0.20609589676582238,0.9477042555809021,0.9961943348185927,activated_in_AD
FHL2,0.20341796975574697,0.9477042555809021,0.9961943348185927,activated_in_AD
PATZ1,0.19781360338383083,0.9477042555809021,0.9961943348185927,activated_in_AD
PPARGC1A,0.19324577841194682,0.9477042555809021,0.9961943348185927,activated_in_AD
E4F1,0.1790353745520553,0.955062985420227,0.9961943348185927,activated_in_AD
NFATC1,0.16709008099805345,0.9582178592681885,0.9961943348185927,activated_in_AD
PAX2,0.16438383587070343,0.9582178592681885,0.9961943348185927,activated_in_AD
SMARCC1,0.16375805437674157,0.9582178592681885,0.9961943348185927,activated_in_AD
NKX3-1,0.16260699615141178,0.9582178592681885,0.9961943348185927,activated_in_AD
THRA,0.16208231188624317,0.9582178592681885,0.9961943348185927,activated_in_AD
ZIC1,0.15452345702111633,0.9605414867401123,0.9961943348185927,activated_in_AD
NR4A1,0.15313783367456513,0.9605414867401123,0.9961943348185927,activated_in_AD
ATOH1,0.14998324412038483,0.9605414867401123,0.9961943348185927,activated_in_AD
NCOA2,0.14986650292649847,0.9605414867401123,0.9961943348185927,activated_in_AD
ETV3,0.14588870871764298,0.962322473526001,0.9961943348185927,activated_in_AD
GTF2IRD1,0.13246392049964067,0.9689182043075562,0.9961943348185927,activated_in_AD
KMT2A,0.12538362000645653,0.9709377884864807,0.9961943348185927,activated_in_AD
PAX6,0.12259303679851216,0.9709377884864807,0.9961943348185927,activated_in_AD
BCL11A,0.12242796162607854,0.9709377884864807,0.9961943348185927,activated_in_AD
ZHX2,0.11230512738862171,0.9746442437171936,0.9961943348185927,activated_in_AD
SPIB,0.1055402827935212,0.9757471084594727,0.9961943348185927,activated_in_AD
SNAI1,0.10353308370459562,0.9757471084594727,0.9961943348185927,activated_in_AD
TAL1,0.10316099386020956,0.9757471084594727,0.9961943348185927,activated_in_AD
RCOR2,0.1013823709220815,0.9757471084594727,0.9961943348185927,activated_in_AD
ERG,0.09871135533847582,0.9763759970664978,0.9961943348185927,activated_in_AD
HOXD8,0.09183236511095053,0.9777067303657532,0.9961943348185927,activated_in_AD
PITX1,0.07683681355494665,0.9817743301391602,0.9961943348185927,activated_in_AD
SIM2,0.07342606835666336,0.9821471571922302,0.9961943348185927,activated_in_AD
FOXA1,0.05506472387667446,0.9838004112243652,0.9961943348185927,activated_in_AD
TBP,0.05039844653073801,0.9847626090049744,0.9961943348185927,activated_in_AD
BACH1,0.04697782614295685,0.9847626090049744,0.9961943348185927,activated_in_AD
TET1,0.04228840888623993,0.9847626090049744,0.9961943348185927,activated_in_AD
FOXP2,0.03203313614201131,0.9852814078330994,0.9961943348185927,activated_in_AD
TWIST2,0.032021239274133445,0.9852814078330994,0.9961943348185927,activated_in_AD
MAFA,0.02251454143838089,0.9913462400436401,0.9986713528633118,activated_in_AD
HTATIP2,0.016117912111544733,0.9933587908744812,0.9986713528633118,activated_in_AD
THAP11,0.002419166176419388,0.9986713528633118,0.9986713528633118,activated_in_AD
BRD4,0.0016652587252666499,0.9986713528633118,0.9986713528633118,activated_in_AD
CTBP2,-0.002724370508465692,0.9986713528633118,0.9986713528633118,repressed_in_AD
SKIL,-0.003976440203274812,0.9986713528633118,0.9986713528633118,repressed_in_AD
HSF2,-0.017407278219791995,0.9933587908744812,0.9986713528633118,repressed_in_AD
SMARCA5,-0.03198059081690321,0.9852814078330994,0.9961943348185927,repressed_in_AD
DNMT3B,-0.03243307917011457,0.9852814078330994,0.9961943348185927,repressed_in_AD
HSF4,-0.03375900304903159,0.9852814078330994,0.9961943348185927,repressed_in_AD
MEF2C,-0.043262092944769744,0.9847626090049744,0.9961943348185927,repressed_in_AD
MYB,-0.04591810751064199,0.9847626090049744,0.9961943348185927,repressed_in_AD
TCF3,-0.04955249775770573,0.9847626090049744,0.9961943348185927,repressed_in_AD
SMARCA1,-0.05726927060298618,0.9835771918296814,0.9961943348185927,repressed_in_AD
MLXIP,-0.05772744452014724,0.9835771918296814,0.9961943348185927,repressed_in_AD
SMARCB1,-0.06206636138034322,0.982809841632843,0.9961943348185927,repressed_in_AD
ZKSCAN7,-0.0638941535342172,0.982809841632843,0.9961943348185927,repressed_in_AD
SPIC,-0.06446511845214442,0.982809841632843,0.9961943348185927,repressed_in_AD
TBXT,-0.0686628437851185,0.9821471571922302,0.9961943348185927,repressed_in_AD
SOX5,-0.0704771331343984,0.9821471571922302,0.9961943348185927,repressed_in_AD
STAT6,-0.07163814470211288,0.9821471571922302,0.9961943348185927,repressed_in_AD
IKZF3,-0.07931069756964175,0.9813224077224731,0.9961943348185927,repressed_in_AD
TADA2A,-0.08024762674716078,0.9813224077224731,0.9961943348185927,repressed_in_AD
GLI3,-0.08391818646907495,0.9806997179985046,0.9961943348185927,repressed_in_AD
CDX2,-0.0851887101894255,0.9806997179985046,0.9961943348185927,repressed_in_AD
SOX18,-0.09135126137061794,0.9777067303657532,0.9961943348185927,repressed_in_AD
DLX2,-0.09397259889252516,0.9777067303657532,0.9961943348185927,repressed_in_AD
ATF3,-0.10452612903661196,0.9757471084594727,0.9961943348185927,repressed_in_AD
NEUROG3,-0.11331139060584114,0.9746442437171936,0.9961943348185927,repressed_in_AD
SMAD4,-0.11646396535379087,0.9743800163269043,0.9961943348185927,repressed_in_AD
PIN1,-0.12790354216039082,0.9709377884864807,0.9961943348185927,repressed_in_AD
LHX8,-0.1356116000223461,0.9678629636764526,0.9961943348185927,repressed_in_AD
ELF5,-0.14058317161761674,0.9652392268180847,0.9961943348185927,repressed_in_AD
MYF6,-0.15218452303844443,0.9605414867401123,0.9961943348185927,repressed_in_AD
SRY,-0.17294212080297222,0.9570572972297668,0.9961943348185927,repressed_in_AD
KDM5A,-0.17436869802541674,0.9570572972297668,0.9961943348185927,repressed_in_AD
STAT5B,-0.18427137079178552,0.9521471858024597,0.9961943348185927,repressed_in_AD
FOXP3,-0.18665367632133933,0.9517245888710022,0.9961943348185927,repressed_in_AD
ZNF350,-0.19313886956337367,0.9477042555809021,0.9961943348185927,repressed_in_AD
ZNF263,-0.19691556994450415,0.9477042555809021,0.9961943348185927,repressed_in_AD
POU3F1,-0.19868389735542735,0.9477042555809021,0.9961943348185927,repressed_in_AD
FOXC1,-0.1994227065944059,0.9477042555809021,0.9961943348185927,repressed_in_AD
BHLHA15,-0.20437424286387335,0.9477042555809021,0.9961943348185927,repressed_in_AD
GATA3,-0.20649924478692547,0.9477042555809021,0.9961943348185927,repressed_in_AD
HDAC3,-0.21100835271496018,0.9477042555809021,0.9961943348185927,repressed_in_AD
ZFPM1,-0.2188333789341628,0.9458141922950745,0.9961943348185927,repressed_in_AD
XBP1,-0.2239461449091312,0.9458141922950745,0.9961943348185927,repressed_in_AD
NFATC4,-0.22429704454788282,0.9458141922950745,0.9961943348185927,repressed_in_AD
TAF1,-0.2362832388937854,0.9458141922950745,0.9961943348185927,repressed_in_AD
SP2,-0.2432972261943763,0.9458141922950745,0.9961943348185927,repressed_in_AD
OLIG2,-0.2461239442185391,0.9458141922950745,0.9961943348185927,repressed_in_AD
ZMYND8,-0.2520136945444153,0.9439697265625,0.9961943348185927,repressed_in_AD
CREM,-0.25500066748209466,0.9434126019477844,0.9961943348185927,repressed_in_AD
GATA6,-0.2742616964118914,0.9327825903892517,0.9961943348185927,repressed_in_AD
E2F7,-0.27567687220515563,0.9327825903892517,0.9961943348185927,repressed_in_AD
DEAF1,-0.2796865577739926,0.9312944412231445,0.9961943348185927,repressed_in_AD
NRL,-0.28873549835722856,0.9299654960632324,0.9961943348185927,repressed_in_AD
SALL2,-0.29173692893570335,0.9289519786834717,0.9961943348185927,repressed_in_AD
NR2C1,-0.3049997906773316,0.9219678640365601,0.9961943348185927,repressed_in_AD
PITX2,-0.3084398038710457,0.9207541346549988,0.9961943348185927,repressed_in_AD
ZNF804A,-0.3093676729437504,0.9207541346549988,0.9961943348185927,repressed_in_AD
NFYC,-0.31320189847007035,0.9207541346549988,0.9961943348185927,repressed_in_AD
KLF13,-0.31491999480451677,0.9207541346549988,0.9961943348185927,repressed_in_AD
MXD1,-0.32744650359241784,0.9160852432250977,0.9961943348185927,repressed_in_AD
ZBTB7A,-0.3275438225008684,0.9160852432250977,0.9961943348185927,repressed_in_AD
SMAD6,-0.33292482865615575,0.9160852432250977,0.9961943348185927,repressed_in_AD
NOTO,-0.337906398249453,0.9160852432250977,0.9961943348185927,repressed_in_AD
KAT7,-0.34114312904043337,0.9160852432250977,0.9961943348185927,repressed_in_AD
SOX10,-0.34964143978348156,0.9160852432250977,0.9961943348185927,repressed_in_AD
DACH1,-0.35557987604606284,0.9160852432250977,0.9961943348185927,repressed_in_AD
SMAD2,-0.3762851721691356,0.9141461849212646,0.9961943348185927,repressed_in_AD
POU4F1,-0.38102226540182255,0.9132930040359497,0.9961943348185927,repressed_in_AD
SOX6,-0.38942157524994025,0.9089063405990601,0.9961943348185927,repressed_in_AD
LITAF,-0.38961429290978666,0.9089063405990601,0.9961943348185927,repressed_in_AD
FOXF1,-0.3914666492655421,0.9089063405990601,0.9961943348185927,repressed_in_AD
FOXO3,-0.3944418438461273,0.9089063405990601,0.9961943348185927,repressed_in_AD
TRERF1,-0.39669556631642056,0.9089063405990601,0.9961943348185927,repressed_in_AD
MEF2A,-0.4001052820416016,0.9089063405990601,0.9961943348185927,repressed_in_AD
MAFG,-0.4011241524742361,0.9089063405990601,0.9961943348185927,repressed_in_AD
RB1,-0.42173927101844755,0.90375816822052,0.9961943348185927,repressed_in_AD
MYBL1,-0.4221156609574877,0.90375816822052,0.9961943348185927,repressed_in_AD
ID2,-0.4285719119514127,0.9008573889732361,0.9961943348185927,repressed_in_AD
TCF21,-0.43139959221681273,0.9008573889732361,0.9961943348185927,repressed_in_AD
MYF5,-0.4413670061895555,0.8971976637840271,0.9961943348185927,repressed_in_AD
PGR,-0.4467526932153228,0.8944098949432373,0.9961943348185927,repressed_in_AD
NR4A3,-0.44856164447969893,0.8944098949432373,0.9961943348185927,repressed_in_AD
ZFPM2,-0.4786991628239502,0.880066454410553,0.9961943348185927,repressed_in_AD
PRRX1,-0.48883641738447586,0.8738575577735901,0.9961943348185927,repressed_in_AD
EGR3,-0.49698744234940095,0.8677031397819519,0.9961943348185927,repressed_in_AD
NR1I3,-0.498670454336327,0.8677031397819519,0.9961943348185927,repressed_in_AD
PLAG1,-0.5006790596566884,0.8677031397819519,0.9961943348185927,repressed_in_AD
TEF,-0.503103357621634,0.8677031397819519,0.9961943348185927,repressed_in_AD
SP4,-0.5041355671125612,0.8677031397819519,0.9961943348185927,repressed_in_AD
ZFX,-0.5122154439682854,0.8670444488525391,0.9961943348185927,repressed_in_AD
RORA,-0.5136197673153956,0.8670444488525391,0.9961943348185927,repressed_in_AD
GLI1,-0.5194577280728213,0.8645843267440796,0.9961943348185927,repressed_in_AD
EP300,-0.5213626892734206,0.8645843267440796,0.9961943348185927,repressed_in_AD
GRHL3,-0.5328841131322658,0.8591089248657227,0.9961943348185927,repressed_in_AD
KAT2B,-0.5410428858452895,0.8560982942581177,0.9961943348185927,repressed_in_AD
ATF7,-0.5443910128817453,0.8560982942581177,0.9961943348185927,repressed_in_AD
KLF11,-0.546772670962903,0.8560982942581177,0.9961943348185927,repressed_in_AD
TFCP2,-0.5552274110500285,0.8540881276130676,0.9961943348185927,repressed_in_AD
ID3,-0.5685323777896555,0.8474037051200867,0.9961943348185927,repressed_in_AD
PITX3,-0.5888052804454844,0.8372390866279602,0.9961943348185927,repressed_in_AD
BHLHE40,-0.5954360006362056,0.835185170173645,0.9961943348185927,repressed_in_AD
HDAC4,-0.6137871394317427,0.8206073045730591,0.9961943348185927,repressed_in_AD
DNMT1,-0.6261368098063432,0.8160088062286377,0.9961943348185927,repressed_in_AD
BHLHE41,-0.6358452072042827,0.8082011938095093,0.9961943348185927,repressed_in_AD
TEAD1,-0.6415360556281778,0.8077001571655273,0.9961943348185927,repressed_in_AD
HMGA2,-0.650665561680339,0.8033527731895447,0.9961943348185927,repressed_in_AD
NPM1,-0.6656551534904642,0.7958271503448486,0.9961943348185927,repressed_in_AD
FOXL2,-0.6661368558209704,0.7958271503448486,0.9961943348185927,repressed_in_AD
IRX1,-0.6767791657146494,0.7924834489822388,0.9961943348185927,repressed_in_AD
BCL11B,-0.6873174040854733,0.7860086560249329,0.9961943348185927,repressed_in_AD
MEF2B,-0.7098470945258654,0.7690714597702026,0.9961943348185927,repressed_in_AD
RUNX2,-0.710468275201799,0.7690714597702026,0.9961943348185927,repressed_in_AD
SOX11,-0.7213436438152298,0.7673062682151794,0.9961943348185927,repressed_in_AD
MBD2,-0.7324922159236403,0.7620048522949219,0.9961943348185927,repressed_in_AD
JARID2,-0.7336098907794064,0.7620048522949219,0.9961943348185927,repressed_in_AD
NEUROG2,-0.7613009970761743,0.7410584092140198,0.9961943348185927,repressed_in_AD
HES1,-0.7623749959581086,0.7410584092140198,0.9961943348185927,repressed_in_AD
ZNF362,-0.7640186655654453,0.7410584092140198,0.9961943348185927,repressed_in_AD
HDAC9,-0.7912194291061156,0.7311466932296753,0.9961943348185927,repressed_in_AD
NAB2,-0.8081762151378734,0.7292038202285767,0.9961943348185927,repressed_in_AD
HOXB13,-0.8104148373194191,0.7292038202285767,0.9961943348185927,repressed_in_AD
ESR2,-0.812526414738232,0.7291671633720398,0.9961943348185927,repressed_in_AD
DBP,-0.8393958785056699,0.7182253003120422,0.9961943348185927,repressed_in_AD
KDM5B,-0.8526302497231818,0.7089830636978149,0.9961943348185927,repressed_in_AD
AIP,-0.8562229182520076,0.7073940634727478,0.9961943348185927,repressed_in_AD
NCOR1,-0.8567241956624456,0.7073940634727478,0.9961943348185927,repressed_in_AD
MZF1,-0.8737662030482407,0.6939342021942139,0.9961943348185927,repressed_in_AD
MAFB,-0.8869933808785644,0.6909597516059875,0.9961943348185927,repressed_in_AD
FEZF2,-0.8970168547974611,0.6887896656990051,0.9961943348185927,repressed_in_AD
KLF7,-0.900996987284981,0.6868427395820618,0.9961943348185927,repressed_in_AD
SALL4,-0.915812462910589,0.6795854568481445,0.9961943348185927,repressed_in_AD
IRF8,-0.9290964576725198,0.6750742197036743,0.9961943348185927,repressed_in_AD
ZNF382,-0.9317533269444038,0.6744628548622131,0.9961943348185927,repressed_in_AD
SP7,-0.9347846343008289,0.6734828948974609,0.9961943348185927,repressed_in_AD
NFATC2,-0.9387727922614991,0.6715565323829651,0.9961943348185927,repressed_in_AD
ZBTB33,-0.9409641275778463,0.671414852142334,0.9961943348185927,repressed_in_AD
BCL3,-0.9412428652738803,0.671414852142334,0.9961943348185927,repressed_in_AD
ZNF148,-0.9441595923574099,0.671414852142334,0.9961943348185927,repressed_in_AD
NFYB,-0.9504158313381944,0.6685627102851868,0.9961943348185927,repressed_in_AD
EBF1,-0.9506304298246883,0.6685627102851868,0.9961943348185927,repressed_in_AD
ELK3,-0.9542392681540587,0.6685627102851868,0.9961943348185927,repressed_in_AD
CREB3L1,-0.9577344188797208,0.6685627102851868,0.9961943348185927,repressed_in_AD
JDP2,-0.9658938350772667,0.6685627102851868,0.9961943348185927,repressed_in_AD
ZFHX3,-0.9687236800208421,0.6685627102851868,0.9961943348185927,repressed_in_AD
ZNF699,-0.9869538931307837,0.657902181148529,0.9961943348185927,repressed_in_AD
HOXB4,-0.9963866081833684,0.6546177864074707,0.9961943348185927,repressed_in_AD
ZNF331,-1.0095669313858848,0.6509076356887817,0.9961943348185927,repressed_in_AD
GFI1,-1.0102880531627199,0.6509076356887817,0.9961943348185927,repressed_in_AD
ZBTB14,-1.0317481265853787,0.6394413113594055,0.9961943348185927,repressed_in_AD
FOXO1,-1.0513512378633143,0.6314018964767456,0.9961943348185927,repressed_in_AD
HOXB1,-1.0641364310328563,0.6265382170677185,0.9961943348185927,repressed_in_AD
VSX2,-1.0765929461537451,0.620574951171875,0.9961943348185927,repressed_in_AD
TSC22D1,-1.0896814205894336,0.6144812703132629,0.9961943348185927,repressed_in_AD
MTA3,-1.090646364333447,0.6144812703132629,0.9961943348185927,repressed_in_AD
FOXJ1,-1.0944151854560376,0.6144812703132629,0.9961943348185927,repressed_in_AD
NKX2-2,-1.1099824199978465,0.6115764379501343,0.9961943348185927,repressed_in_AD
SCX,-1.1120379285893744,0.6115764379501343,0.9961943348185927,repressed_in_AD
ZNF384,-1.1227875754348389,0.60774165391922,0.9961943348185927,repressed_in_AD
EPAS1,-1.1235155408499522,0.60774165391922,0.9961943348185927,repressed_in_AD
MAF,-1.1314938409944575,0.60774165391922,0.9961943348185927,repressed_in_AD
NCOR2,-1.1614352124021072,0.5912059545516968,0.9961943348185927,repressed_in_AD
DLX5,-1.1687335898400342,0.5885259509086609,0.9961943348185927,repressed_in_AD
NR6A1,-1.1739169013544728,0.5885259509086609,0.9961943348185927,repressed_in_AD
SFPQ,-1.1994676309298684,0.5727806687355042,0.9961943348185927,repressed_in_AD
ZFP42,-1.2402336546002604,0.5515173077583313,0.9961943348185927,repressed_in_AD
HLF,-1.2415099781545946,0.5515173077583313,0.9961943348185927,repressed_in_AD
RFX1,-1.243148215233549,0.5515173077583313,0.9961943348185927,repressed_in_AD
FOXF2,-1.2576350619828258,0.5515173077583313,0.9961943348185927,repressed_in_AD
NOTCH1,-1.2647942131129364,0.5515173077583313,0.9961943348185927,repressed_in_AD
HMGA1,-1.2720437773860989,0.5483521819114685,0.9961943348185927,repressed_in_AD
CRX,-1.2837976672948157,0.5440641641616821,0.9961943348185927,repressed_in_AD
RARB,-1.2860740293265354,0.5440641641616821,0.9961943348185927,repressed_in_AD
BCL6,-1.2900615885531614,0.5440641641616821,0.9961943348185927,repressed_in_AD
PML,-1.3025614822196232,0.5425777435302734,0.9961943348185927,repressed_in_AD
DNMT3A,-1.3364516405057703,0.5175448656082153,0.9961943348185927,repressed_in_AD
TBPL2,-1.3434793608085562,0.5133185982704163,0.9961943348185927,repressed_in_AD
KLF1,-1.3461263380412278,0.5131698250770569,0.9961943348185927,repressed_in_AD
MYRF,-1.3487998751775259,0.5131698250770569,0.9961943348185927,repressed_in_AD
FOXP1,-1.3536781546109842,0.5131698250770569,0.9961943348185927,repressed_in_AD
KLF2,-1.4391237676691335,0.4704430103302002,0.9961943348185927,repressed_in_AD
SOX3,-1.4415744357444358,0.4704430103302002,0.9961943348185927,repressed_in_AD
HDAC1,-1.4550895653697165,0.46540823578834534,0.9961943348185927,repressed_in_AD
TBX21,-1.4732938646571208,0.45917558670043945,0.9961943348185927,repressed_in_AD
HOXD13,-1.474322355692542,0.45917558670043945,0.9961943348185927,repressed_in_AD
NR1D1,-1.4807437144676252,0.45917558670043945,0.9961943348185927,repressed_in_AD
NR0B1,-1.5066334313836551,0.44970619678497314,0.9961943348185927,repressed_in_AD
RORC,-1.5436908322492628,0.42890045046806335,0.9961943348185927,repressed_in_AD
TRPS1,-1.545260938337801,0.42890045046806335,0.9961943348185927,repressed_in_AD
PLAGL1,-1.5475417783961927,0.42890045046806335,0.9961943348185927,repressed_in_AD
EOMES,-1.5536199246741575,0.42890045046806335,0.9961943348185927,repressed_in_AD
SMARCA4,-1.5887030280554522,0.41479459404945374,0.9961943348185927,repressed_in_AD
FOXG1,-1.5904402018092658,0.41479459404945374,0.9961943348185927,repressed_in_AD
SOX4,-1.5969203668530136,0.41479459404945374,0.9961943348185927,repressed_in_AD
MEIS1,-1.6059841444844214,0.41479459404945374,0.9961943348185927,repressed_in_AD
NFE2L3,-1.6323341004268956,0.41479459404945374,0.9961943348185927,repressed_in_AD
ID4,-1.6431860717485764,0.40851208567619324,0.9961943348185927,repressed_in_AD
PBRM1,-1.6452558876979633,0.40851208567619324,0.9961943348185927,repressed_in_AD
TBX5,-1.683885892849926,0.3877166509628296,0.9961943348185927,repressed_in_AD
SRF,-1.693894067116191,0.3847139775753021,0.9961943348185927,repressed_in_AD
STAT4,-1.6976956864661144,0.3847139775753021,0.9961943348185927,repressed_in_AD
HLX,-1.7032112638777375,0.3847139775753021,0.9961943348185927,repressed_in_AD
KDM5D,-1.704291349836514,0.3847139775753021,0.9961943348185927,repressed_in_AD
NR2F1,-1.7460103778623606,0.37701866030693054,0.9961943348185927,repressed_in_AD
PRDM1,-1.7506678356163603,0.3760036826133728,0.9961943348185927,repressed_in_AD
EBF3,-1.7550571661208085,0.3752216398715973,0.9961943348185927,repressed_in_AD
FOSB,-1.8191071907346121,0.3413804769515991,0.9961943348185927,repressed_in_AD
NFAT5,-1.829221925186893,0.339064359664917,0.9961943348185927,repressed_in_AD
HOXA5,-1.8300526632831309,0.339064359664917,0.9961943348185927,repressed_in_AD
HIPK2,-1.874107359970007,0.32249075174331665,0.9961943348185927,repressed_in_AD
LMX1B,-1.8748543498879138,0.32249075174331665,0.9961943348185927,repressed_in_AD
SIN3A,-1.8866744160011049,0.32249075174331665,0.9961943348185927,repressed_in_AD
EN1,-1.8981404318192268,0.31784114241600037,0.9961943348185927,repressed_in_AD
YAP1,-1.9028454071972118,0.31784114241600037,0.9961943348185927,repressed_in_AD
PROX1,-1.9182223194357308,0.3143872320652008,0.9961943348185927,repressed_in_AD
HEY2,-1.9330428019144965,0.30934444069862366,0.9961943348185927,repressed_in_AD
SIX1,-1.9411369593349277,0.3063824474811554,0.9961943348185927,repressed_in_AD
NFIL3,-1.9462354340489985,0.30557897686958313,0.9961943348185927,repressed_in_AD
MSX1,-1.9480750561791298,0.30557897686958313,0.9961943348185927,repressed_in_AD
TBX3,-1.9616878218778462,0.3003259301185608,0.9961943348185927,repressed_in_AD
TWIST1,-2.0006508989806395,0.28517067432403564,0.9961943348185927,repressed_in_AD
ING4,-2.0338139066271004,0.27275583148002625,0.9961943348185927,repressed_in_AD
FOXA3,-2.038265558691073,0.27275583148002625,0.9961943348185927,repressed_in_AD
EGR4,-2.123521933813063,0.23420114815235138,0.9961943348185927,repressed_in_AD
HAND2,-2.1245036563477475,0.23420114815235138,0.9961943348185927,repressed_in_AD
NKX2-5,-2.136344069219571,0.23420114815235138,0.9961943348185927,repressed_in_AD
ZBED1,-2.1529664527094203,0.2275635004043579,0.9961943348185927,repressed_in_AD
FOXN1,-2.153338384510564,0.2275635004043579,0.9961943348185927,repressed_in_AD
SOX2,-2.1893940166168466,0.21489380300045013,0.9961943348185927,repressed_in_AD
HIC1,-2.2208640584600663,0.2055450677871704,0.9961943348185927,repressed_in_AD
HHEX,-2.2448489789354986,0.19559654593467712,0.9961943348185927,repressed_in_AD
RXRB,-2.26780215894383,0.18776002526283264,0.9961943348185927,repressed_in_AD
ZBTB7B,-2.3345380088926624,0.17510610818862915,0.9961943348185927,repressed_in_AD
TBX18,-2.3513906256253025,0.17510610818862915,0.9961943348185927,repressed_in_AD
MYOG,-2.3617102186116283,0.17510610818862915,0.9961943348185927,repressed_in_AD
SMAD3,-2.4005049669182656,0.1699906289577484,0.9961943348185927,repressed_in_AD
PAX3,-2.431603999936226,0.16022957861423492,0.9961943348185927,repressed_in_AD
PAWR,-2.5447232408044247,0.13990847766399384,0.9961943348185927,repressed_in_AD
ZBTB18,-2.5879448059158494,0.12604433298110962,0.9961943348185927,repressed_in_AD
MSC,-2.6584002641754325,0.10919259488582611,0.9961943348185927,repressed_in_AD
SOX9,-2.8985430439822006,0.06665186583995819,0.9961943348185927,repressed_in_AD
RARG,-3.1026287680142346,0.049127690494060516,0.9961943348185927,repressed_in_AD
VHL,-3.186231368059814,0.040407825261354446,0.9961943348185927,repressed_in_AD
KLF3,-3.290650028574498,0.040407825261354446,0.9961943348185927,repressed_in_AD
RFX5,-3.3683059877403876,0.03727961331605911,0.9961943348185927,repressed_in_AD
ZBTB4,-3.4082887155622923,0.034911949187517166,0.9961943348185927,repressed_in_AD
KLF9,-3.486839427590877,0.034812476485967636,0.9961943348185927,repressed_in_AD
RFXAP,-4.185228846287449,0.004579715430736542,0.7316095400601625,repressed_in_AD
RFXANK,-5.0484174474605785,9.612245776224881e-05,0.020474083503358997,repressed_in_AD
